, @GOOD_ADJ	Uses	10	0.588235
#N can @DENOTATION	Background	121	0.611111
with	Background	669	0.519007
@DENOTATION @SOLUTION	Background	148	0.558491
the #N of a	Background	101	0.545946
on #D #J corpus	CompareOrContrast	6	0.600000
to @DENOTATION	Background	226	0.624309
, but	Background	127	0.574661
:	Background	231	0.508811
@HEDGE_ADJ	Background	126	0.577982
mention #N	Uses	20	0.714286
#N -rrb- , and #N	Uses	6	0.545455
Ã¢ ' #C , s #N	Uses	6	1.000000
-lrb- 0000 -rrb-	Background	200	0.666667
Berger	CompareOrContrast	6	0.545455
#V #N +	Uses	7	1.000000
as ``	Uses	8	0.533333
Ã¢ ' #C , s #N '	Uses	6	1.000000
#D leaf	Uses	9	0.600000
, #D #N @DENOTATION #V	Uses	6	0.545455
to @RESEARCH #N #N	CompareOrContrast	7	0.538462
@COMPARISON	Background	198	0.515625
#D #N #N @DENOTATION @RESEARCH	Uses	8	0.615385
#N 's	Background	145	0.638767
#N , v	Uses	10	0.526316
of #D #J	Background	200	0.536193
s Ã¢ ' #N -rrb-	Uses	7	1.000000
Ã®	Uses	8	0.615385
+ #C	Uses	8	0.533333
it	Background	530	0.558483
in	Background	2241	0.550074
#N #C @PRESENTATION the	Uses	10	0.714286
#N -lrb- u	Uses	8	0.666667
, #C ;	Background	103	0.751825
-lrb- #N #N '	Uses	6	1.000000
Ã¢ ' 1 , s Ã¢ '	Uses	6	1.000000
#N #N of	Background	134	0.517375
#N #V	Background	1081	0.564491
#N #C	Background	2077	0.576944
@SOLUTION #D	Background	251	0.513292
#N #N	Background	3637	0.503809
the #C	Background	103	0.542105
the #V	Background	181	0.574603
, @1ST_PERSON_PRONOUN_(NOM) @USE a	Uses	6	0.545455
@FUTURE_MODALS	Background	227	0.600529
#N and #N -lrb-	Background	121	0.661202
noun	Background	111	0.569231
#N -lrb- u , v -rrb-	Uses	7	0.700000
in #D #J #N	Background	129	0.575893
the #N tag	Uses	7	0.538462
such	Background	311	0.668817
@1ST_POSS_PRONOUN #V	CompareOrContrast	7	0.583333
pos tagging	Uses	6	0.545455
#N of the #N	Background	307	0.532986
#N of #N	Background	885	0.567308
-lrb- #N ,	Background	133	0.517510
and pos #N	Uses	6	0.666667
would	Background	114	0.522936
@USE @1ST_POSS_PRONOUN	CompareOrContrast	6	0.600000
@1ST_PERSON_PRONOUN_(NOM) @USE #D #J #N	Uses	9	0.529412
#N @REFERENTIAL	Background	377	0.559347
#V the	Background	603	0.578140
#R ,	Background	249	0.555804
@PRESENTATION a	Background	140	0.562249
#R #D	Background	108	0.666667
#N #V the	Background	104	0.604651
#C #N ,	Background	227	0.597368
#C #N ;	Uses	6	0.545455
and #N #C -rrb-	Background	149	0.677273
such as	Background	156	0.669528
#N :	Background	118	0.513043
#D mention	Uses	8	0.533333
#J ,	Background	186	0.542274
by #D #N	Background	132	0.625592
#N by	Background	111	0.627119
#N #N ' 1	Uses	11	1.000000
@MANY	Background	333	0.598921
#V on #D #J	Uses	8	0.727273
1 , #N #N '	Uses	6	1.000000
rule	Background	237	0.515217
lexical #N	Background	124	0.532189
#N #N ' t	Uses	11	1.000000
#N of a #N	Background	104	0.550265
@CHANGE	Background	334	0.536116
#C #C ,	Uses	8	0.533333
of #C #N and	CompareOrContrast	6	0.545455
#N @DENOTATION extract	Uses	7	0.583333
#D @MAIN_ADJ #V	Uses	6	0.750000
, s #N '	Uses	11	1.000000
1 , s Ã¢ ' #N	Uses	6	1.000000
' t -rrb-	Uses	7	1.000000
#C @RESEARCH_NOUN	CompareOrContrast	7	0.636364
-lrb- #N et al.	Background	174	0.574257
#N -lcb-	CompareOrContrast	10	0.666667
@NEGATION do	CompareOrContrast	6	0.666667
1 , #N Ã¢ ' #N	Uses	6	1.000000
infant	CompareOrContrast	7	0.583333
#J to	Background	198	0.594595
five #N	Uses	6	0.666667
the #J corpus #C	CompareOrContrast	6	1.000000
#N ;	Background	108	0.529412
#N +	Uses	22	0.594595
#N ,	Background	2518	0.547749
#N n	CompareOrContrast	8	0.615385
, phrase	Uses	6	0.666667
30	Uses	7	0.636364
on #N	Background	112	0.541063
' 1 , #N #N	Uses	6	1.000000
Ã¢ ' 1 , s Ã¢	Uses	6	1.000000
#C head	Uses	6	0.750000
@RESEARCH_NOUN from #D	Uses	7	0.583333
#N #N contain	Uses	8	0.666667
#V to	Background	446	0.599462
#N #N ' 1 ,	Uses	6	1.000000
#D #N #N contain	Uses	8	0.800000
manager	CompareOrContrast	7	0.583333
mention head	Uses	7	0.777778
term	Background	104	0.574586
@PROBLEM_NOUN rate	CompareOrContrast	13	0.565217
pitch #N	Uses	7	0.636364
, s Ã¢	Uses	11	1.000000
@DENOTATION #D #N	Background	228	0.553398
@DENOTATION #D #J	Background	138	0.597403
#C % of the	Uses	9	0.529412
#J @METRIC_NOUN	CompareOrContrast	6	0.545455
#C ;	Background	145	0.717822
#C ,	Background	273	0.582090
#C +	Uses	6	0.600000
'	Background	155	0.529010
#N 1 @PRESENTATION	Uses	6	0.750000
@DENOTATION #V on #D	Uses	11	0.550000
@DENOTATION @PRESENTATION	Background	127	0.596244
@PRESENTATION @REFERENTIAL	Background	156	0.532423
the #N of the	Background	213	0.547558
#D #V	Background	268	0.561845
' 1 , #N	Uses	6	1.000000
#D #N where #D #N	CompareOrContrast	6	0.600000
#C a	Background	101	0.526042
#V a #N	Background	127	0.585253
Table #C	Uses	22	0.511628
kernel	Future	6	0.545455
and the #N	Background	104	0.565217
#C -rrb- ,	Background	217	0.628986
... -rcb- #N -lcb-	CompareOrContrast	7	1.000000
yes	Uses	6	0.857143
@TRADITION_ADJ #N	Background	143	0.545802
a	Background	3199	0.561918
@RESEARCH #D	Background	253	0.524896
confidence #N	CompareOrContrast	6	0.857143
#N , @1ST_PERSON_PRONOUN_(NOM) #V #D	Uses	8	0.727273
@OTHERS_POSS	Background	468	0.552538
leaf	Uses	13	0.565217
@WORK_NOUN of	Background	152	0.556777
#D #N of #D #N	Background	236	0.556604
#V to #D	Background	114	0.548077
index of	CompareOrContrast	7	0.777778
' 1 , #N #N '	Uses	6	1.000000
-lrb- #C -rrb-	Background	559	0.673494
index of #N	CompareOrContrast	6	0.857143
@SEE	Background	211	0.592697
@DENOTATION the	Background	254	0.578588
#N @DENOTATION #J	Background	136	0.569038
a #R	Background	103	0.533679
a #J	Background	921	0.562271
#N train	CompareOrContrast	6	0.545455
which	Background	583	0.593082
#J #J	Background	383	0.576807
on @RESEARCH #N	CompareOrContrast	6	0.750000
#N @DENOTATION #V on #D	Uses	7	0.636364
assess #D	Uses	6	0.666667
with #D #N	Background	106	0.514563
#C pos #N	Uses	7	0.583333
as a	Background	184	0.569659
the past @GOOD_ADJ	CompareOrContrast	6	0.750000
@PRESENTATION #D @RESEARCH_NOUN of	Uses	6	0.545455
following	Background	101	0.635220
more	Background	214	0.533666
-lrb- #N et al. #C	Background	103	0.628049
#N Â¸ #N	Uses	9	0.692308
#N equation @DENOTATION #V	Uses	6	0.666667
#C pos	Uses	7	0.583333
#N , @1ST_PERSON_PRONOUN_(NOM) @RESEARCH #D	Uses	6	0.857143
+	Uses	36	0.545455
response ,	Uses	6	0.666667
#D #N where the #N	CompareOrContrast	6	0.666667
all	Background	208	0.544503
of #D #J word	Uses	9	0.900000
, #N #N ' t -rrb-	Uses	7	1.000000
to the	Background	301	0.561567
word and #N #N	Uses	6	0.600000
other	Background	243	0.612091
#N , #V	Background	111	0.544118
#N , #N	Background	452	0.549878
#N , #J	Background	106	0.623529
#N , #D	Background	234	0.544186
@CHANGE_NOUN -lrb- #N	Uses	6	0.666667
a -rrb-	Uses	9	0.529412
sentence	Background	263	0.507722
#N ' t -rrb-	Uses	7	1.000000
the #N from #D	CompareOrContrast	6	0.600000
' #C , #N Ã¢ '	Uses	6	1.000000
' #C , s Ã¢ ' t	Uses	6	1.000000
each #N @DENOTATION #V	Uses	6	0.600000
#V the #J	Background	111	0.575130
the top #N	Uses	8	0.727273
#D ellipsis	CompareOrContrast	6	0.545455
@PROBLEM_NOUN	Background	273	0.538462
of #D #N	Background	644	0.529605
' 1 , #N #N ' t	Uses	6	1.000000
#J of any	CompareOrContrast	6	0.857143
#C #D #N	Background	182	0.554878
, and	Background	503	0.545553
-lrb- u	Uses	8	0.666667
1 , s Ã¢ '	Uses	6	1.000000
@PRESENTATION the @RESEARCH_NOUN of	Uses	6	0.545455
, s #N	Uses	11	1.000000
and #N @DENOTATION #C	Uses	6	0.600000
of #C %	CompareOrContrast	17	0.548387
#N and #N	Background	795	0.613900
#N and #D	Background	125	0.558036
-lrb- u , v -rrb-	Uses	7	0.700000
et al. ,	Background	120	0.568720
et al. -lrb-	Background	105	0.704698
set the	Uses	6	0.545455
#V ,	Background	128	0.524590
al. , #C	Background	117	0.573529
#C , s Ã¢ '	Uses	6	1.000000
#N , #N ,	Background	181	0.555215
#N #C phrase	Uses	7	0.700000
' #C , #N	Uses	6	1.000000
#N @SOLUTION	Background	216	0.501160
@WORK_NOUN #V	Background	193	0.630719
#D #N of #D	Background	394	0.536054
#D #N of #N	Background	418	0.582985
#D #N of #J	Background	156	0.614173
#C , #N	Background	175	0.688976
#N for	Background	385	0.521680
s #N '	Uses	11	0.916667
et al. #C -rrb-	Background	113	0.610811
@CONTINUE	Background	314	0.547038
#N of a	Background	187	0.553254
#N et al. , #C	Background	113	0.582474
#D document #N	Uses	6	0.750000
Ã¢ ' #C , #N Ã¢	Uses	6	1.000000
motion #N	CompareOrContrast	6	0.750000
#N , @1ST_PERSON_PRONOUN_(NOM) #V	Uses	26	0.553191
#N as	Background	206	0.567493
to @RESEARCH	Background	146	0.503448
it @DENOTATION	Background	178	0.537764
description #N	Uses	6	0.666667
0 -rsb-	Uses	7	1.000000
the @WORK_NOUN	Background	249	0.508163
the #N #V	Background	156	0.557143
the #J part	Uses	9	0.562500
s Ã¢ ' #N	Uses	11	1.000000
the dialogue	Uses	14	0.518519
#N of #J	Background	305	0.588803
#N ' #C ,	Uses	6	1.000000
however ,	Background	175	0.577558
@1ST_PERSON_PRONOUN_(NOM) #V the #N	Uses	11	0.523810
@REFERENTIAL	Background	2406	0.559795
the mention	Uses	7	0.700000
#D word	Background	108	0.519231
the ellipsis	CompareOrContrast	6	0.545455
et	Background	406	0.632399
the brown corpus	CompareOrContrast	6	0.545455
#V ;	Uses	10	0.625000
#V a	Background	327	0.571678
#N of	Background	2469	0.550624
1 , s Ã¢ ' t	Uses	6	1.000000
' #C , s	Uses	6	1.000000
@GRAPHIC_NOUN	Background	334	0.576857
#C , #N Ã¢ ' t	Uses	6	1.000000
way to @SOLUTION	CompareOrContrast	6	0.600000
there @DENOTATION	Background	142	0.606838
#C , s Ã¢ ' #N	Uses	6	1.000000
#D subject of #D	Uses	6	0.600000
#D top #N	Uses	8	0.727273
-rrb- ,	Background	387	0.566618
@MAIN_ADJ verb	Uses	6	0.750000
1 @PRESENTATION	Uses	6	0.750000
@WORK_NOUN	Background	2046	0.558406
, s Ã¢ ' #N	Uses	11	1.000000
-rrb- #V	Background	111	0.652941
-rrb- #N	Background	129	0.558442
-rrb- #C	Background	205	0.585714
#N Ã¢ ' #C	Uses	11	0.785714
@1ST_PERSON_PRONOUN_(NOM) @USE #N	Uses	10	0.555556
from	Background	456	0.527168
' #C , s #N	Uses	6	1.000000
@REFERENTIAL @PRESENTATION_NOUN	Background	118	0.621053
to	Background	2380	0.562781
ace	Uses	7	0.777778
in #J	Background	155	0.627530
in #D	Background	774	0.537127
#N in #D #N	Background	156	0.520000
-lrb- 0000	Background	200	0.666667
1 , s #N '	Uses	6	1.000000
Table #N @PRESENTATION	Uses	9	0.562500
et al.	Background	380	0.631229
' #C , s #N ' t	Uses	6	1.000000
#N -lrb- #N , v	Uses	8	0.615385
#J pair	Uses	11	0.523810
@COMPARISON_NOUN of #C #N	CompareOrContrast	7	0.538462
, #C ; #N	Background	103	0.751825
#N in	Background	619	0.542032
a #N #N	Background	238	0.539683
#V @NEGATION	Background	189	0.557522
pattern ,	Uses	6	0.600000
or	Background	403	0.568406
@NEGATION	Background	773	0.577728
pitch accent	Uses	7	0.636364
of a #N	Background	141	0.557312
#N -lsb- #C	Uses	8	0.615385
#V by	Background	167	0.569966
for #D #N #N ,	Uses	7	0.583333
, s Ã¢ ' t -rrb-	Uses	7	1.000000
split	Uses	16	0.761905
#N Ã¢ ' 1 , #N	Uses	6	1.000000
u , v -rrb-	Uses	7	0.700000
@PRESENTATION in Table	Uses	10	0.555556
, n	CompareOrContrast	9	0.562500
, a	Background	149	0.584314
, s	Uses	13	0.764706
and #N , #C	Background	102	0.637500
#N morpheme	Uses	8	1.000000
when	Background	147	0.544444
-lrb- #N | #N -rrb-	CompareOrContrast	6	0.545455
#N @DENOTATION train	Uses	6	0.666667
document #V	Uses	7	0.636364
#N to #D	Background	122	0.600985
form	Background	145	0.587045
case frame	Uses	11	0.647059
@1ST_PERSON_PRONOUN_(NOM) @RESEARCH a	Uses	6	0.600000
u ,	Uses	8	0.666667
#J as ``	Uses	6	0.666667
@USE #D #N #V	Uses	6	0.600000
and the	Background	188	0.549708
#N Ã¢ '	Uses	27	0.771429
0 ,	Uses	7	0.583333
'' #J	Uses	6	0.857143
@HEDGING_MODALS	Background	223	0.601078
semantic #N	Background	139	0.581590
@GOOD_ADJ	Background	668	0.549342
#N in the #N	Background	113	0.509009
at	Background	190	0.530726
@RESEARCH the #N	Background	107	0.548718
to #D #N	Background	217	0.589674
#N ' #N -rrb-	Uses	10	1.000000
#N -lrb- u ,	Uses	8	0.727273
assess	Uses	7	0.583333
#N	Background	25364	0.544736
the past	CompareOrContrast	6	0.600000
@GRAPHIC_NOUN ,	Background	116	0.604167
#C phrase	Uses	9	0.642857
#C -rrb- #C	Background	105	0.617647
#N #N -lrb-	Background	270	0.507519
s #N ' #N -rrb-	Uses	7	1.000000
#V @REFERENTIAL	Background	189	0.603834
;	Background	339	0.610811
@ARGUMENTATION	Background	179	0.641577
@PRESENTATION_NOUN	Background	236	0.600509
1 , s #N ' t	Uses	6	1.000000
#N -lrb- #C	Background	464	0.641770
#N -lrb- #N	Background	597	0.550738
a #J @WORK_NOUN to	CompareOrContrast	8	0.666667
#N , Ã¢	Uses	6	0.857143
Ã¢ ' 1 , #N	Uses	6	1.000000
for @GRAPHIC_NOUN	Background	113	0.638418
#N Ã¢ ' #N -rrb-	Uses	9	1.000000
@REFERENTIAL the	Background	161	0.543919
prosody	CompareOrContrast	6	0.600000
in #N	Background	589	0.543860
% of #D	Uses	10	0.555556
to the #N	Background	164	0.594203
-lrb- u , v	Uses	7	0.700000
tree-based	CompareOrContrast	6	0.600000
-lrb- #C	Background	629	0.646454
-lrb- #J	Background	120	0.582524
@MAIN_ADJ #N	Background	104	0.587571
a #N of	Background	252	0.525000
@REFERENTIAL #N	Background	538	0.561001
@REFERENTIAL #V	Background	218	0.540943
#N ' 1 , s Ã¢ '	Uses	6	1.000000
the @MAIN_ADJ	Background	102	0.563536
each	Background	239	0.503158
and #N ,	Background	160	0.647773
' 1 , s #N '	Uses	6	1.000000
#N to	Background	582	0.571148
representation for #D	Uses	6	0.545455
#N Ã¢ ' 1 ,	Uses	6	1.000000
of #N #N	Background	218	0.527845
of #N #C	Background	111	0.680982
#N dictionary	Uses	6	0.600000
@NEGATION #V	Background	129	0.565789
#D @MAIN_ADJ verb	Uses	6	0.750000
#N Ã¢ ' #C , s	Uses	6	1.000000
#V in	Background	245	0.581948
the score	Uses	6	0.666667
language of	CompareOrContrast	6	0.545455
#J #N and	Background	126	0.547826
#C or #J	Uses	8	0.571429
#N -lrb- #C %	CompareOrContrast	6	0.750000
Ã¢ ' #C ,	Uses	6	1.000000
#N ' 1 , s #N '	Uses	6	1.000000
#N #J	Background	288	0.565815
#D @CONTRAST_NOUN between	Uses	6	0.545455
merge	Uses	12	0.521739
-lrb- #N -rrb- -rrb-	CompareOrContrast	7	0.538462
@CHANGE_NOUN #V	Uses	8	0.800000
@CONTRAST_ADJ	Background	176	0.555205
#N of the	Background	514	0.523955
in CITATION	CompareOrContrast	11	0.523810
of the #J word	Uses	6	1.000000
#N ' 1	Uses	11	1.000000
#N ' t	Uses	11	1.000000
@RESEARCH the	Background	176	0.548287
of #J #N	Background	314	0.598095
passage	CompareOrContrast	7	0.538462
Table #C @PRESENTATION the	Uses	8	0.888889
word , #N	Uses	9	0.600000
@1ST_PERSON_PRONOUN_(NOM) extract	Uses	7	0.875000
such as ``	Uses	6	0.666667
lc	Uses	7	0.700000
the @PROBLEM	Uses	8	0.666667
et al. , #C	Background	117	0.573529
-lrb-	Background	2409	0.578253
and #N -lrb-	Background	182	0.638596
#N #C -rrb-	Background	366	0.681564
@ARGUMENTATION_NOUN	Background	182	0.621160
the #N of	Background	921	0.562615
of the #N #N	Background	112	0.525822
#V #D #J	Background	222	0.559194
if	Background	199	0.587021
#J	Background	7326	0.558725
#N or the	CompareOrContrast	6	0.750000
have	Background	614	0.603143
1 -lrb-	Uses	6	0.666667
#N ' 1 ,	Uses	6	1.000000
@MANY other	CompareOrContrast	6	0.545455
#D computational #N	CompareOrContrast	6	0.545455
#D dialogue #N	Uses	7	0.583333
top #N	Uses	8	0.666667
Ã® #C #N	Uses	6	0.666667
' 1 , s Ã¢ ' t	Uses	6	1.000000
, @1ST_PERSON_PRONOUN_(NOM) @DENOTATION	CompareOrContrast	10	0.588235
''	Background	196	0.517150
parameter @DENOTATION	Uses	8	0.727273
@SOLUTION the	Background	115	0.502183
@PRESENTATION #D	Background	241	0.532009
#V in the #N ,	Uses	7	0.875000
+ #N #N	Uses	11	0.785714
#D top	Uses	14	0.538462
#D #N of the #N	Background	153	0.560440
@1ST_PERSON_PRONOUN_(NOM) #V #C	Uses	7	0.636364
1 , s #N ' #N	Uses	6	1.000000
al. ,	Background	120	0.568720
and #N	Background	1100	0.611111
and #J	Background	246	0.559091
' 1 , #N Ã¢ ' #N	Uses	6	1.000000
Table 1	Uses	8	0.533333
the top	Uses	14	0.538462
to #C %	Uses	7	0.538462
, like	Uses	8	0.533333
the @GOOD_ADJ past	CompareOrContrast	7	0.636364
constraint	Background	103	0.539267
-rcb- #N	CompareOrContrast	7	0.875000
#N Ã¢ ' t -rrb-	Uses	7	1.000000
to @SOLUTION	Background	185	0.540936
toolkit	Uses	7	0.583333
text	Background	165	0.647059
' #C , s Ã¢	Uses	6	1.000000
#C , s #N ' t	Uses	6	1.000000
#N of #D #J	Background	116	0.532110
#N of #D #N	Background	443	0.535024
#N ' 1 , #N	Uses	6	1.000000
-lrb- #N and	Background	218	0.650746
@SOLUTION @CONTRAST_ADJ	Uses	7	0.538462
' #C , s Ã¢ '	Uses	6	1.000000
#D #N of a	Background	109	0.539604
@GOOD_ADJ #N	Background	205	0.538058
@SOLUTION_NOUN	Background	206	0.567493
@DENOTATION a set	Uses	7	0.583333
the #N @TEXTSTRUCTURE #N	Uses	7	0.700000
#J as	Background	177	0.653137
t -rrb-	Uses	12	0.857143
,	Background	5458	0.553157
@BAD_ADJ #N	Background	100	0.574713
#N ' #C	Uses	17	0.772727
#N and equation @DENOTATION	Uses	6	0.600000
the #N @DENOTATION	Background	148	0.521127
have @DENOTATION	Background	154	0.628571
#N , @1ST_PERSON_PRONOUN_(NOM) #V the	Uses	7	0.700000
Table 2	Uses	9	0.529412
#J #N of #D	Background	113	0.504464
for	Background	1226	0.526859
training #N #V	CompareOrContrast	6	0.545455
frame pattern	Uses	8	0.615385
s Ã¢ ' t	Uses	11	1.000000
with #J	Background	108	0.548223
#N can	Background	216	0.633431
grammar	Background	286	0.595833
@DENOTATION the #N	Background	118	0.551402
its	Background	152	0.533333
for #N	Background	260	0.522088
for #J	Background	153	0.564576
#N -lsb- 0 -rsb-	Uses	7	1.000000
-rrb- and	Background	167	0.616236
@REFERENTIAL @WORK_NOUN	Background	140	0.549020
scfg	CompareOrContrast	6	0.600000
@TEXTSTRUCTURE	Background	295	0.614583
#N #N ' t -rrb-	Uses	7	1.000000
- #C %	CompareOrContrast	6	0.666667
#D #V #N	Background	142	0.563492
#N -lsb- #C -rsb-	Uses	8	0.615385
#D score	Uses	8	0.571429
-lrb- #C % -rrb-	CompareOrContrast	7	0.700000
-lrb- #N #C	Background	442	0.648094
from #D	Background	225	0.528169
@AIM_NOUN	Background	268	0.546939
, @GOOD_ADJ ,	Uses	6	0.857143
have #D	Background	103	0.647799
order	Background	157	0.564748
Ã¢ ' #C	Uses	11	0.785714
Ã¢ ' #N	Uses	15	0.714286
@DENOTATION @USE	Background	153	0.520408
' #C , #N Ã¢	Uses	6	1.000000
1 , #N	Uses	6	0.857143
semantic #N of #D	Uses	7	0.538462
the subject of #D	Uses	6	0.600000
for @OTHERS_POSS	CompareOrContrast	6	0.750000
verb #N #C	Uses	9	0.692308
#N ' 1 , #N Ã¢ '	Uses	6	1.000000
e.g.	Background	107	0.578378
#C pos tag	Uses	6	0.666667
#R #J	Background	346	0.574751
Ã¢ ' 1	Uses	11	0.846154
#D @GOOD_ADJ	Background	164	0.522293
... -rcb-	CompareOrContrast	8	1.000000
@REFERENTIAL @ARGUMENTATION_NOUN	Uses	8	0.533333
from #D #N	Background	111	0.518692
, #N Ã¢	Uses	12	0.750000
word in #N	CompareOrContrast	7	0.538462
@NEED	Background	273	0.623288
#J and	Background	148	0.560606
#C #C more	Uses	8	0.615385
@MAIN_ADJ	Background	265	0.560254
90	CompareOrContrast	6	0.600000
side #N	CompareOrContrast	6	0.600000
#D mention #N	Uses	7	0.777778
#J downstep	CompareOrContrast	6	0.600000
parser	Background	116	0.555024
#V $ cent	Uses	6	0.600000
of the #N	Background	461	0.523269
#N -lrb- 0000 -rrb-	Background	169	0.650000
unigram	Uses	6	0.545455
#D #J #N ,	Background	142	0.531835
@1ST_PERSON_PRONOUN_(NOM) #V #D #J	Uses	8	0.571429
the #N in	Background	102	0.614458
1 , #N #N	Uses	6	1.000000
there	Background	178	0.605442
1 , #N #N ' t	Uses	6	1.000000
1 , s	Uses	6	1.000000
, the	Background	416	0.531969
do	Background	248	0.554810
corpus and	CompareOrContrast	9	0.750000
#N -lrb- 0000	Background	169	0.650000
#J #N ,	Background	434	0.552163
1 , s #N	Uses	6	1.000000
#N @DENOTATION a set of	Uses	7	0.583333
Ã¢ ' 1 , s	Uses	6	1.000000
@SOLUTION	Background	1290	0.514970
#R as #D	Uses	6	0.545455
of	Background	3667	0.552425
#N Ã¢ ' 1 , s	Uses	6	1.000000
s #N ' t	Uses	11	1.000000
into	Background	150	0.505051
-lrb- #C %	CompareOrContrast	12	0.571429
al. #C	Background	145	0.641593
the mention #N	Uses	7	0.777778
, #C #N	Background	162	0.589091
fourth	Uses	6	0.666667
it #V	Background	111	0.549505
@DENOTATION a #N	Background	102	0.557377
, s Ã¢ '	Uses	11	1.000000
-lrb- a -rrb-	Uses	7	0.583333
u , v	Uses	7	0.700000
so	Background	100	0.584795
@USE the #N #N	Uses	21	0.512195
-lrb- u ,	Uses	8	0.727273
time	Background	112	0.554455
where	Background	164	0.569444
representation	Background	114	0.520548
on #D	Background	274	0.503676
Table 1 @PRESENTATION	Uses	6	1.000000
0000 -rrb-	Background	200	0.666667
@DENOTATION #V	Background	662	0.539967
@DENOTATION #R	Background	417	0.565041
@DENOTATION #D	Background	537	0.563484
@DENOTATION #J	Background	388	0.560694
Ã¢ ' #C , s	Uses	6	1.000000
#N et al. -lrb-	Background	101	0.737226
#V #C	Background	151	0.529825
#V #D	Background	1004	0.577343
on the #N	Background	117	0.520000
`` #N ,	Uses	6	0.750000
, s Ã¢ ' t	Uses	11	1.000000
type	Background	159	0.533557
wi	Uses	13	0.684211
#D brown corpus	CompareOrContrast	6	0.545455
, #N and	Background	127	0.713483
the #N of #D	Background	336	0.543689
@DENOTATION a	Background	251	0.543290
of individual	CompareOrContrast	7	0.700000
in the	Background	529	0.527418
#N @USE in #D	Uses	7	0.636364
#D bayesian	CompareOrContrast	6	1.000000
#N Ã¢ ' 1 , s #N	Uses	6	1.000000
#J ' ,	Uses	6	0.857143
1 , s Ã¢	Uses	6	1.000000
' 1 , s #N ' #N	Uses	6	1.000000
in @REFERENTIAL	Background	178	0.549383
a #J #N of	Background	107	0.584699
@INTEREST language	CompareOrContrast	6	0.666667
can @DENOTATION	Background	248	0.594724
Â®	Uses	7	1.000000
#D #C %	CompareOrContrast	8	0.800000
terminal	Uses	8	0.666667
Ã¢ ' #N -rrb-	Uses	10	1.000000
#V #N on	CompareOrContrast	9	0.642857
Ã¢ ' t -rrb-	Uses	7	1.000000
#N or	Background	117	0.529412
and #N #C	Background	234	0.657303
@DENOTATION @NEGATION	Background	234	0.632432
also	Background	190	0.542857
with #N	Background	158	0.578755
#N -lrb- #N -rrb-	Background	158	0.523179
``	Background	203	0.508772
passage #N	CompareOrContrast	6	0.545455
#J #N	Background	4023	0.555356
#J #C	Background	304	0.551724
CREF	Background	195	0.598160
9	CompareOrContrast	7	0.583333
Ã® Â¸ #N	Uses	6	0.750000
#D same	Background	114	0.553398
#D #N	Background	5117	0.544304
#N frame pattern	Uses	8	0.615385
Object	CompareOrContrast	6	0.750000
of #D #N #N	Background	144	0.529412
Ã¢ ' 1 , s #N '	Uses	6	1.000000
#V in #D	Background	106	0.579235
#N Ã¢	Uses	31	0.516667
#N ' #C , s Ã¢ '	Uses	6	1.000000
#J #N @DENOTATION	Background	239	0.584352
#D fourth	Uses	6	0.750000
do @NEGATION @USE	CompareOrContrast	6	0.545455
confidence	CompareOrContrast	12	0.666667
bigram	Uses	11	0.611111
#N head	Uses	9	0.642857
@DENOTATION a set of	Uses	7	0.583333
which @DENOTATION	Background	127	0.590698
on	Background	615	0.525641
' #C , s Ã¢ ' #N	Uses	6	1.000000
to #V the	Background	109	0.589189
-lrb- #N , v	Uses	8	0.571429
set the #N	Uses	6	0.666667
#N ' 1 , s Ã¢	Uses	6	1.000000
#N @DENOTATION	Background	1371	0.526902
English #C #N	Uses	6	0.750000
#D #J corpus #C	CompareOrContrast	6	0.857143
#N equation	Background	139	0.623318
#C % -rrb-	CompareOrContrast	10	0.526316
of #C #N ,	CompareOrContrast	6	0.545455
Ã® Â¸	Uses	6	0.666667
% of	Uses	12	0.521739
number	Background	157	0.532203
al. #C -rrb-	Background	113	0.610811
-lrb- #N Ã¢ '	Uses	6	1.000000
#D #N of the	Background	260	0.538302
@COMPARISON_NOUN of #C %	CompareOrContrast	6	0.545455
the #N generate	Uses	6	0.545455
, #N #N '	Uses	12	0.923077
word on the	Uses	7	0.777778
each #N #N ,	Uses	6	0.666667
Â¸ #N	Uses	9	0.692308
#J group	Uses	6	0.600000
#J #N -lrb-	Background	213	0.617391
and #V	Background	150	0.541516
, #C -rrb-	Background	204	0.573034
the label	Uses	6	0.750000
#D #N #V	Background	229	0.557178
the #N of the #N	Background	126	0.560000
, #N #C	Background	227	0.681682
lexical	Background	147	0.540441
Object #N	CompareOrContrast	6	0.750000
, verb #N	Uses	6	0.666667
' 1 , #N Ã¢	Uses	6	1.000000
#D @GOOD_ADJ past	CompareOrContrast	7	0.538462
#N Ã¢ ' t	Uses	11	1.000000
#N Ã¢ ' 1	Uses	11	0.846154
#D #N @DENOTATION	Background	243	0.523707
@1ST_POSS_PRONOUN #N @WORK_NOUN	CompareOrContrast	9	0.529412
Ã¢ ' #C , #N	Uses	6	1.000000
@1ST_PERSON_PRONOUN_(NOM) #V #D #N	Uses	17	0.548387
et al. #C	Background	145	0.641593
#V #D #N of	Background	115	0.545024
% -rrb-	CompareOrContrast	10	0.526316
, verb #N #C	Uses	6	0.857143
#N and	Background	1284	0.580995
interpretation for	Uses	6	0.666667
, #N and #N	Background	112	0.717949
#N phase	Uses	7	0.636364
#V #V	Background	133	0.633333
#V #N	Background	819	0.547460
the #N #N contain	Uses	7	0.875000
@CHANGE_NOUN	Background	145	0.514184
for #J translation	CompareOrContrast	6	0.857143
#J corpus #C	CompareOrContrast	6	0.857143
#D #J @WORK_NOUN	Background	149	0.586614
#D #N #N ,	Background	103	0.533679
and	Background	2521	0.564361
polarity	Uses	6	0.857143
but it @DENOTATION	CompareOrContrast	6	0.545455
of #N ,	Background	110	0.585106
parse	Background	120	0.515021
a #J #N	Background	597	0.577369
bayesian	CompareOrContrast	10	0.666667
#N et al. ,	Background	116	0.580000
#N -rrb-	Background	648	0.505855
Ã¢ ' t	Uses	11	1.000000
equation	Background	454	0.621918
#C -rrb-	Background	1326	0.644942
' 1 , s #N ' t	Uses	6	1.000000
-lsb- 0	Uses	7	1.000000
@PRESENTATION	Background	1044	0.549763
of #N	Background	1143	0.563609
of #J	Background	428	0.596932
of #V	Background	107	0.597765
#N #N grammar	Uses	7	0.583333
#J if	Uses	6	0.600000
@OTHERS_POSS #V to	Uses	6	0.545455
#N and pos #N	Uses	6	0.857143
as	Background	972	0.566104
#N , v -rrb-	Uses	8	0.615385
the	Background	6728	0.534138
-rrb-	Background	2380	0.577250
#V @NEGATION @USE	CompareOrContrast	7	0.538462
#N accent	Uses	7	0.636364
Ã¢ ' 1 , #N Ã¢ '	Uses	6	1.000000
make	Background	159	0.574007
, #N #N ' t	Uses	11	1.000000
s #N ' #N	Uses	11	1.000000
#R #V	Background	323	0.597043
s #N ' t -rrb-	Uses	7	1.000000
#N have	Background	173	0.613475
#C japanese	Uses	6	0.750000
other #N	Background	113	0.582474
of @REFERENTIAL	Background	135	0.597345
#V in #D #N ,	Uses	7	0.777778
the #N #N @RESEARCH	Uses	7	0.777778
case	Background	195	0.609375
#D #N @REFERENTIAL	Background	134	0.611872
' 1 , s Ã¢ '	Uses	6	1.000000
, the #N	Background	189	0.505348
, ... -rcb-	CompareOrContrast	8	1.000000
#V by #V the	Uses	6	0.545455
#D @PROBLEM	Uses	8	0.533333
#C the	Background	221	0.535109
#N Â®	Uses	7	1.000000
s Ã¢ ' t -rrb-	Uses	7	1.000000
#N @DENOTATION #D set of	Uses	9	0.600000
#D index	CompareOrContrast	7	0.700000
-lrb- #N -rrb-	Background	237	0.520879
Ã¢ ' #C , s Ã¢ '	Uses	6	1.000000
of a	Background	266	0.565957
of r	CompareOrContrast	6	0.666667
#N , the	Background	155	0.521886
#N @DENOTATION #D set	Uses	10	0.625000
#N with	Background	205	0.533854
assess the	Uses	6	0.750000
-	Background	153	0.602362
al. -lrb-	Background	105	0.704698
's	Background	236	0.666667
Table #C @PRESENTATION	Uses	13	0.866667
#C , #N Ã¢ '	Uses	6	1.000000
subgrammar	CompareOrContrast	6	0.666667
form of the #N	Uses	7	0.538462
some	Background	181	0.624138
@CONTINUE word	Uses	6	0.750000
to #V #D	Background	195	0.585586
#N Ã¢ ' #C , s Ã¢	Uses	6	1.000000
#J language	Background	107	0.718121
#N train on	CompareOrContrast	6	0.666667
Table CREF @PRESENTATION	Uses	9	0.562500
-lrb- #N	Background	1116	0.570844
the stack	Uses	6	0.545455
#N #C equation @DENOTATION	Uses	6	0.600000
@DENOTATION	Background	4210	0.555629
tree	Background	179	0.579288
#N , s	Uses	7	0.777778
corpus	Background	148	0.508591
#C , s	Uses	6	1.000000
semantic	Background	175	0.591216
#N Ã¢ ' 1 , #N Ã¢	Uses	6	1.000000
, #J	Background	253	0.620098
, #N	Background	930	0.583072
, #C	Background	963	0.571853
, #R	Background	158	0.556338
, #V	Background	216	0.556701
, #D #J	Background	112	0.516129
-lrb- #N and #N	Background	211	0.645260
@DENOTATION @PRESENTATION in Table	Uses	8	0.615385
@SOLUTION #D #N	Background	101	0.543011
#N #N @RESEARCH_NOUN	Uses	8	0.533333
v1	Uses	6	0.600000
posterior	Uses	8	0.533333
#V datum	Uses	6	0.545455
to #V	Background	557	0.580208
to #N	Background	208	0.568306
to #D	Background	439	0.573856
#D #N equation @DENOTATION	Uses	6	0.666667
#D #N phase	Uses	6	0.600000
, which	Background	170	0.537975
' 1 , s #N	Uses	6	1.000000
the same	Background	113	0.551220
#N @DENOTATION a set	Uses	7	0.583333
pitch	Uses	10	0.588235
as #D #N	Background	147	0.595142
#N quality	Uses	6	0.666667
both	Background	133	0.540650
#C tag	Uses	6	0.600000
Ã¢ ' 1 , #N #N '	Uses	6	1.000000
@CHANGE_NOUN set	Uses	8	0.666667
, #N ,	Background	218	0.547739
a #N	Background	1258	0.558863
however	Background	193	0.586626
@WORK_NOUN @PRESENTATION here	CompareOrContrast	10	0.526316
, s #N ' t -rrb-	Uses	7	1.000000
command	Uses	10	0.625000
leaf #N	Uses	7	0.777778
#V at @NEGATION	Uses	6	0.600000
#C	Background	5949	0.557911
#D	Background	10767	0.543294
#R	Background	2423	0.564539
#V	Background	6026	0.562547
#D #N to	Background	107	0.581522
@BEFORE_ADJ	Background	126	0.570136
contain #C	Uses	7	0.538462
, #N Ã¢ ' #N -rrb-	Uses	7	1.000000
-lrb- #N -rrb- , #C	Uses	7	0.538462
#C % ,	CompareOrContrast	7	0.538462
up ''	Uses	8	0.615385
% of the	Uses	9	0.529412
accent	Uses	8	0.615385
can	Background	514	0.616307
#C , s #N '	Uses	6	1.000000
semantic #N of #D #N	Uses	6	0.666667
% ,	CompareOrContrast	7	0.538462
`` #C	Uses	8	0.666667
#C , #N Ã¢	Uses	6	1.000000
for tree-based	CompareOrContrast	6	1.000000
and #D #N	Background	144	0.562500
#N in #D	Background	264	0.505747
#N in #N	Background	154	0.566176
language	Background	252	0.633166
, and #N	Background	130	0.590909
, #N Ã¢ ' #N	Uses	11	0.916667
' 1 , s	Uses	6	1.000000
@CHANGE_NOUN -lrb-	Uses	8	0.533333
#N @DENOTATION #D	Background	214	0.560209
#N @DENOTATION #R	Background	141	0.550781
and pos	Uses	6	0.666667
and #N -lrb- #C -rrb-	Background	133	0.668342
; #N	Background	192	0.705882
23	Uses	6	0.666667
#D threshold	Uses	8	0.571429
Ã¢ ' #C , #N Ã¢ '	Uses	6	1.000000
= #N -rrb-	Uses	8	0.800000
by #N	Background	186	0.630508
by #D	Background	230	0.569307
@MAIN_ADJ #V	Uses	6	0.545455
#C - #C %	CompareOrContrast	6	0.750000
@RESEARCH feature	CompareOrContrast	9	0.750000
s Ã¢	Uses	11	0.916667
#D #C	Background	136	0.548387
#D #J	Background	2296	0.542918
#D #R	Background	165	0.555556
set #D #N	Uses	6	0.600000
case frame pattern	Uses	8	0.615385
#N -lrb-	Background	1411	0.574511
by the	Background	143	0.537594
@DENOTATION #D set	Uses	10	0.588235
' #C , #N Ã¢ ' t	Uses	6	1.000000
case #N #N	Uses	9	0.562500
#N | #N -rrb-	CompareOrContrast	6	0.545455
way	Background	110	0.617978
case #N pattern	Uses	8	0.615385
as #N	Background	176	0.621908
as #D	Background	289	0.568898
the @SOLUTION #N	Uses	10	0.588235
#N -lrb- #C -rrb-	Background	422	0.660407
#C #N tag	Uses	6	0.600000
#J #N of	Background	410	0.542328
@SOLUTION a	Background	123	0.530172
do @NEGATION	Background	141	0.548638
same	Background	118	0.553991
but	Background	210	0.555556
-lrb- #N et	Background	181	0.574603
@DENOTATION then #V	Uses	10	0.588235
part-of-speech #N	Uses	13	0.590909
#D #N of	Background	1229	0.556109
as the	Background	101	0.564246
#N #N ' 1 , s	Uses	6	1.000000
@TRADITION_ADJ	Background	354	0.548837
-lrb- #N , v -rrb-	Uses	8	0.615385
#N ' #C , s Ã¢	Uses	6	1.000000
information	Background	233	0.581047
#N ' 1 , #N Ã¢	Uses	6	1.000000
s Ã¢ '	Uses	11	0.916667
#D @PROBLEM_NOUN #N	CompareOrContrast	8	0.533333
@GOOD_ADJ in #N	CompareOrContrast	6	0.545455
#N of #C %	CompareOrContrast	11	0.687500
#N corpus @DENOTATION	Uses	6	0.600000
#N + #N	Uses	10	0.588235
phrase @GRAPHIC_NOUN	Uses	6	0.666667
#N ' #C , s	Uses	6	1.000000
#D @MAIN_ADJ	Background	145	0.573123
include	Background	102	0.593023
#N to #C %	Uses	6	0.600000
verb #N +	Uses	6	1.000000
leaf node	Uses	7	0.777778
-rcb- #N -lcb-	CompareOrContrast	7	1.000000
#D #N , @1ST_PERSON_PRONOUN_(NOM)	Uses	12	0.521739
two	Background	222	0.549505
#D @TRADITION_ADJ	Background	129	0.528689
, #N , #N	Background	104	0.581006
@COMPARISON_NOUN #C @COMPARISON_NOUN	Uses	9	0.562500
, s #N ' #N	Uses	11	1.000000
and #D	Background	283	0.549515
each #N	Background	143	0.521898
@INTEREST	Background	322	0.578097
@RESEARCH #D #N	Background	135	0.525292
Ã¢ ' 1 , s #N	Uses	6	1.000000
Ã¢ '	Uses	30	0.612245
, as	Background	102	0.625767
#N #V #D	Background	171	0.585616
#N -lrb- #N , v -rrb-	Uses	8	0.666667
#N #C ,	Background	127	0.619512
technical #N	Uses	9	0.529412
@DENOTATION @RESEARCH	Background	207	0.547619
1 , #N Ã¢ '	Uses	6	1.000000
, Ã¢	Uses	7	0.777778
of the	Background	829	0.518449
#C % of	Uses	12	0.521739
#D #J #J	Background	127	0.554585
#D #J #N	Background	1486	0.545722
#D #N and	Background	114	0.506667
one	Background	316	0.568345
1 , #N Ã¢ ' t	Uses	6	1.000000
#D past @GOOD_ADJ	CompareOrContrast	6	0.750000
parser -lrb- #N	Uses	6	0.600000
#J #N in	Background	127	0.590698
discourse	Background	107	0.753521
al.	Background	380	0.630182
on #D #N	Background	137	0.515038
#N #N ,	Background	454	0.543062
#N #N +	Uses	6	0.750000
#N #N '	Uses	31	0.596154
#N , and	Background	299	0.553704
disappear	CompareOrContrast	6	0.857143
on a #N of	CompareOrContrast	6	0.600000
#C ; #N	Background	143	0.729592
' t	Uses	11	1.000000
the document #N	Uses	6	0.857143
... -rcb- #N	CompareOrContrast	7	1.000000
#C % of #D	Uses	10	0.555556
#V @DENOTATION	Background	194	0.631922
0000	Background	200	0.666667
the #N of #N	Background	304	0.608000
@RESEARCH #D #N of the #N	Uses	7	0.538462
#N of #D	Background	747	0.528289
#N @PRESENTATION	Background	131	0.513725
a #C %	CompareOrContrast	8	0.800000
the #N of #D #N	Background	204	0.563536
#D #N #N @RESEARCH	Uses	8	0.615385
#V #D #N	Background	467	0.584481
, s #N ' #N -rrb-	Uses	7	1.000000
#N , @1ST_PERSON_PRONOUN_(NOM) @RESEARCH	Uses	8	0.666667
`	Background	101	0.635220
@CONTINUE on	Background	109	0.536946
#N @DENOTATION the	Background	112	0.598930
#N , #C	Background	548	0.590517
, it	Background	107	0.535000
, s #N ' t	Uses	11	1.000000
#N #N ' 1 , s Ã¢	Uses	6	1.000000
of the #J	Background	132	0.515625
head word	Uses	10	0.769231
#N weight	Uses	6	0.666667
corpus #C #D	CompareOrContrast	6	0.857143
Ã¢ ' 1 , #N Ã¢	Uses	6	1.000000
#N Ã¢ ' 1 , s Ã¢	Uses	6	1.000000
#N between	Background	132	0.622642
#N #C @PRESENTATION #D	Uses	11	0.550000
@WORK_NOUN ,	Background	183	0.528902
' #C , s #N '	Uses	6	1.000000
#C or more	Uses	8	0.615385
, #D	Background	628	0.547515
@CHANGE #N of	Uses	6	0.666667
and #J #N	Background	146	0.557252
matching @WORK_NOUN	CompareOrContrast	6	0.666667
between	Background	212	0.590529
n ,	Uses	9	0.529412
a total	Uses	6	0.600000
#N ' 1 , s #N	Uses	6	1.000000
#J @WORK_NOUN	Background	366	0.607973
#N #C pos	Uses	6	0.750000
case frame #N	Uses	9	0.642857
tagger #V	Uses	6	0.666667
#C #N -lrb-	Background	218	0.610644
#D @WORK_NOUN	Background	369	0.531700
#C , s #N	Uses	6	1.000000
, #N Ã¢ ' t	Uses	11	1.000000
#N #C #D	Background	142	0.554688
@REFERENTIAL #J	Background	101	0.615854
@REFERENTIAL #D	Background	230	0.560976
#D #J #N of	Background	274	0.561475
#N from	Background	150	0.570342
#N to #V	Background	120	0.552995
#N , #D #N	Background	109	0.561856
-lrb- x , #N	CompareOrContrast	8	0.533333
#N #R	Background	208	0.557641
#N #D	Background	150	0.539568
, v -rrb-	Uses	8	0.571429
#D #N @DENOTATION #V to	Uses	7	0.583333
#N and #N ,	Background	138	0.644860
in @COMPARISON_NOUN	CompareOrContrast	13	0.541667
Ã¢ ' 1 , #N #N	Uses	6	1.000000
phrase type	Uses	8	1.000000
WSJ #N	CompareOrContrast	6	0.666667
#N ' 1 , s	Uses	6	1.000000
, ... -rcb- #N -lcb-	CompareOrContrast	7	1.000000
of #D tag	Uses	6	0.600000
word on #D	Uses	8	0.800000
@BAD_ADJ	Background	438	0.577836
#N @WORK_NOUN	Background	437	0.532927
Ã® #C	Uses	7	0.583333
in a	Background	190	0.557185
#N @HEDGING_MODALS	Background	102	0.625767
-lrb- #N Ã¢	Uses	6	0.600000
#D #N @WORK_NOUN	Background	117	0.502146
#J 0	Uses	7	0.636364
@COMPARISON_NOUN and @COMPARISON_NOUN	Uses	8	0.571429
in the #N	Background	293	0.541590
in the #J	Background	103	0.547872
number of	Background	128	0.537815
#V #R	Background	229	0.590206
#V #J	Background	274	0.560327
bunsetsu	Uses	6	1.000000
@1ST_PERSON_PRONOUN_(NOM) #V the #J	Uses	6	0.600000
processing	Background	102	0.728571
#C the #N	Background	126	0.555066
#D past	CompareOrContrast	6	0.545455
#N et al. #C -rrb-	Background	106	0.612717
the #J #N of	Background	164	0.554054
, #D #N	Background	289	0.549430
p -lrb- #N -rrb-	CompareOrContrast	8	0.727273
, #N Ã¢ '	Uses	12	0.923077
English and #N	Uses	6	0.750000
@REFERENTIAL #D #N	Background	113	0.538095
the #N of #J	Background	105	0.600000
, s Ã¢ ' #N -rrb-	Uses	7	1.000000
@RESEARCH	Background	1038	0.527976
find	Background	105	0.549738
, @1ST_PERSON_PRONOUN_(NOM) @RESEARCH #D	Uses	6	0.545455
#C , s Ã¢ ' t	Uses	6	1.000000
corpus #C	CompareOrContrast	10	0.714286
Ã¢ ' #C , s Ã¢	Uses	6	1.000000
and #N #N	Background	139	0.547244
@CONTRAST_NOUN @DENOTATION	CompareOrContrast	7	0.538462
the #J	Background	1259	0.528992
the #N	Background	3460	0.538605
#N = #N -rrb-	Uses	8	1.000000
span	Uses	8	0.571429
@SOLUTION @QUESTION	CompareOrContrast	7	0.583333
#V the #N	Background	311	0.585687
in #D #J	Background	175	0.562701
then	Background	127	0.533613
syntactic	Background	119	0.636364
' #C ,	Uses	6	1.000000
relation	Background	135	0.551020
#D #N ,	Background	223	0.528436
in #D of	Uses	6	0.545455
the #J #N	Background	825	0.528507
#N et al. #C	Background	136	0.641509
@USE a	Background	106	0.530000
@PROBLEM	Background	121	0.584541
' 1 ,	Uses	6	1.000000
by	Background	732	0.592233
1 , #N Ã¢	Uses	6	1.000000
, ... -rcb- #N	CompareOrContrast	7	1.000000
past @GOOD_ADJ	CompareOrContrast	6	0.750000
@DENOTATION #D set of	Uses	9	0.562500
' 1 , s Ã¢ ' #N	Uses	6	1.000000
because	Background	107	0.554404
#N which	Background	144	0.626087
in #D #N	Background	405	0.552524
' #N -rrb-	Uses	11	1.000000
for each #N #N	Uses	9	0.562500
#N , #C -rrb-	Background	119	0.616580
the dialogue #N	Uses	7	0.700000
of #D #J #N	Background	131	0.521912
@REFERENTIAL @DENOTATION	Background	224	0.583333
#V $ #N	Uses	6	0.600000
#N et al.	Background	362	0.644128
and #N -lrb- #C	Background	136	0.663415
the @COMPARISON set	Uses	9	0.600000
@CONTRAST_ADJ #N	Background	112	0.562814
@WORK_NOUN @DENOTATION	Background	200	0.540541
#N Ã¢ ' #N	Uses	14	0.823529
' 1 , s Ã¢	Uses	6	1.000000
#N #N and	Background	180	0.517241
word on	Uses	9	0.750000
' 1 , #N Ã¢ '	Uses	6	1.000000
motion	CompareOrContrast	7	0.700000
#C , s Ã¢	Uses	6	1.000000
#N @DENOTATION #V on the	Uses	6	0.600000
' 1 , #N Ã¢ ' t	Uses	6	1.000000
@WORK_NOUN do @NEGATION	CompareOrContrast	9	0.529412
-lsb- 0 -rsb-	Uses	7	1.000000
remove #N	Uses	6	0.545455
, #N Ã¢ ' t -rrb-	Uses	7	1.000000
@WORK_NOUN of the #J #N	CompareOrContrast	6	0.545455
-lrb- #N #C -rrb-	Background	151	0.671111
HMM	Uses	6	0.600000
#N Ã¢ ' #C ,	Uses	6	1.000000
word alignment	Uses	6	0.545455
#C #N type	Uses	8	0.615385
the #N , @1ST_PERSON_PRONOUN_(NOM)	Uses	8	0.615385
#N -lrb- #N and	Background	109	0.641176
#N and #J	Background	105	0.593220
from #C #N to	Uses	6	0.600000
Table #C @PRESENTATION #D	Uses	9	0.900000
#N -lsb- 0	Uses	7	1.000000
#N -lrb- u , v	Uses	7	0.700000
the #N into	Uses	7	0.538462
#N and pos	Uses	6	0.857143
' 1	Uses	11	0.846154
of #D	Background	1164	0.527174
word sequence	Uses	6	0.666667
Ã¢ ' 1 ,	Uses	6	1.000000
#N @TEXTSTRUCTURE	Background	102	0.600000
' #C	Uses	18	0.514286
@QUESTION	Background	201	0.580925
#N et	Background	387	0.648241
#D #N in	Background	153	0.558394
#C #D	Background	359	0.544765
#C #V	Background	226	0.541966
#C #N	Background	1713	0.542776
#C #J	Background	399	0.538462
